{
    "Description": {
        "description_text_rgba": [
            255,
            255,
            255,
            255
        ]
    },
    "InputBox": {
        "one_rgba": [
            255,
            0,
            255,
            255
        ],
        "two_rgba": [
            0,
            0,
            0,
            50
        ],
        "three_rgba": [
            0,
            0,
            0,
            50
        ],
        "text_rgba": [
            255,
            255,
            255,
            255
        ]
    },
    "Slider": {
        "is_texture_mode": true,
        "rgba": {
            "slider_rgba": [
                0,
                0,
                0,
                50
            ],
            "slider_rgba_active": [
                255,
                0,
                255,
                255
            ]
        },
        "text": {
            "slider_text": [
                255,
                255,
                255,
                255
            ],
            "slider_text_active": [
                255,
                255,
                255,
                255
            ]
        }

    },
    "Footer": {
        "directory": "default\\Footer",
        "footer_arrows_rgba": [
            0,
            0,
            0,
            255
        ],
        "footer_rgba": [
            255,
            255,
            255,
            200
        ],
        "footer_text_rgba": [
            0,
            0,
            0,
            255
        ],
        "is_texture_mode": false,
        "picture_after": ".png",
        "picture_before": "footer"
    },
    "Playerinfo": {
        "Playerinfo_rgba": [
            0,
            0,
            0,
            155
        ],
        "Playerinfo_text_rgba": [
            255,
            255,
            255,
            255
        ]
    },
    "Seperator": {
        "seperator_rgba_left": [
            100,
            239,
            255,
            255
        ],
        "seperator_rgba_right": [
            75,
            100,
            255,
            255
        ]
    },
    "SubmenuBar": {
        "directory": "default\\SubmenuBar",
        "is_texture_mode": false,
        "picture_after": ".png",
        "picture_before": "submenubar",
        "submenu_bar_rgba": [
            255,
            0,
            255,
            255
        ],
        "submenu_bar_text_rgba": [
            255,
            255,
            255,
            255
        ]
    },
    "acceleration_speed": 15,
    "delay": 4,
    "font": "HarmonyOS_Sans_SC_Black.ttf",
    "header": {
        "directory": "default\\Header",
        "is_texture_mode": false,
        "header_after": ".png",
        "header_before": "header",
        "header_height": 90
    },
    "notify_down": {
        "notify_rgb": [
            255,
            0,
            255
        ],
        "notify_text_rgb": [
            255,
            255,
            255
        ]
    },
    "notify_up": {
        "notify_rgb_down": [
            255,
            0,
            255,
            255
        ],
        "notify_rgb_up": [
            255,
            0,
            255,
            255
        ],
        "notify_text_rgb_down": [
            255,
            255,
            255,
            255
        ],
        "notify_text_rgb_up": [
            255,
            255,
            255,
            255
        ]
    },
    "option": {
        "directory": "default\\Background",
        "is_texture_mode": false,
        "option_after": ".png",
        "option_before": "background",
        "option_rbga": [
            0,
            0,
            0,
            50
        ],
        "slider": {
            "directory": "default\\Scroller",
            "is_texture_mode": false,
            "slider_after": ".png",
            "slider_before": "sdcroller",
            "slider_rbga": [
                255,
                0,
                255,
                255
            ]
        },
        "text": {
            "text_rgba": [
                255,
                255,
                255,
                255
            ],
            "text_rgba_active": [
                255,
                255,
                255,
                255
            ]
        }
    },
    "option_height": 30,
    "speed": 7,
    "width": 400,
    "x": 810,
    "y": 360
}